1.587048226881563120e-02,8.896712060811354794e-01,-1.000000000000000000e+00
-9.956142591047906221e-01,-8.877473820303870555e-01,1.000000000000000000e+00
-1.053895560640281115e+00,5.877313357928504178e-01,-1.000000000000000000e+00
-9.388912043738864011e-01,1.686131545055277625e+00,-1.000000000000000000e+00
-4.074945990490644321e-01,-2.068212096413775680e-01,1.000000000000000000e+00
-1.300691426241341819e+00,2.825171282261800254e-01,-1.000000000000000000e+00
-3.433902173115689349e-01,-6.226662907720500462e-01,1.000000000000000000e+00
6.632295269160849438e-01,-1.159768596917853278e+00,1.000000000000000000e+00
-9.819910127229237728e-01,1.159325243469335298e+00,-1.000000000000000000e+00
-1.047817666836251549e+00,-1.191468693211296115e-01,1.000000000000000000e+00
1.388878700959612911e-02,-6.112005971445059194e-01,1.000000000000000000e+00
-2.297947126226502768e+00,1.300468282159971345e+00,-1.000000000000000000e+00
3.713458597185296250e-01,-2.217864436067819245e+00,1.000000000000000000e+00
1.582786667338023645e-01,-1.422179828787913936e+00,1.000000000000000000e+00
-1.213240503675039772e+00,1.358526969704432652e+00,-1.000000000000000000e+00
8.288413433540758879e-01,-1.756500404255308956e+00,1.000000000000000000e+00
6.557862954783696408e-01,-2.709054962715923831e-01,-1.000000000000000000e+00
1.038358000707684692e+00,7.644031419022698226e-02,1.000000000000000000e+00
-3.711248573850020605e-01,-8.126714349960463268e-01,1.000000000000000000e+00
6.999843378147180273e-01,2.226947957938986769e-02,-1.000000000000000000e+00
8.723339613121379177e-01,-1.457870664707052510e+00,1.000000000000000000e+00
-2.524096711915040786e-02,-9.353781409184527273e-01,1.000000000000000000e+00
9.325435471792780096e-01,-1.487417740916234576e+00,1.000000000000000000e+00
-3.688604157335220179e-01,6.443030471181347973e-01,-1.000000000000000000e+00
-7.878431898549216328e-01,1.338154674852082560e-01,1.000000000000000000e+00
-1.035624018196677598e+00,9.460730373955548167e-01,-1.000000000000000000e+00
1.374758193932497541e+00,-1.256771746867107797e+00,1.000000000000000000e+00
1.311090506942043543e+00,-1.534438009339343711e+00,1.000000000000000000e+00
1.882343911270655701e+00,2.313456573079613887e-01,1.000000000000000000e+00
-1.271596772038639633e+00,2.225155698159792528e-01,-1.000000000000000000e+00
-1.400272146169619480e+00,-3.361727120375319622e-01,-1.000000000000000000e+00
2.093856942539582267e-01,1.783890642343167743e-01,-1.000000000000000000e+00
-2.000435432967592853e+00,-1.495937956537411184e-01,-1.000000000000000000e+00
9.587015945990166044e-01,1.149347929501657983e+00,-1.000000000000000000e+00
-1.655124814091330387e+00,-1.004462860233686694e+00,-1.000000000000000000e+00
-1.141374296474927282e-02,1.580073035384948144e+00,-1.000000000000000000e+00
5.589952090917539307e-01,-6.560229134931662154e-01,-1.000000000000000000e+00
1.151073995589081411e+00,-3.101186264192993813e-01,-1.000000000000000000e+00
-3.523879512170809414e-01,5.362838157033353870e-01,1.000000000000000000e+00
8.235094882524068849e-01,-8.280295989317658645e-01,1.000000000000000000e+00
7.380657928873268769e-01,-6.520137373893292176e-02,-1.000000000000000000e+00
-7.436337842257202402e-01,-1.495260657005935967e-01,-1.000000000000000000e+00
-7.950711655200946026e-01,-1.051232533196185370e+00,1.000000000000000000e+00
-2.054623444019030021e-01,1.037101064538496153e+00,-1.000000000000000000e+00
1.585978015209374981e+00,2.438611645219672386e-01,1.000000000000000000e+00
-2.083411406749012887e-02,-6.393903360713633077e-01,1.000000000000000000e+00
1.608586256560354144e+00,1.962609457389080103e-01,1.000000000000000000e+00
2.239952152844590372e-01,1.828706492620203738e-01,-1.000000000000000000e+00
-1.073431900995996724e+00,6.334972069251593174e-01,1.000000000000000000e+00
-1.622934517588549896e+00,1.253607330015054311e+00,-1.000000000000000000e+00
1.422390974134842390e+00,-6.287544024925997288e-01,1.000000000000000000e+00
1.514178294826003801e-01,1.223632848552858032e+00,-1.000000000000000000e+00
-1.143687017254995997e+00,-1.204732611972076511e-01,-1.000000000000000000e+00
4.094562002311705751e-01,-8.414731316149619555e-01,-1.000000000000000000e+00
-1.351040738069260172e+00,-3.227204995930421649e-01,-1.000000000000000000e+00
1.102952291791299277e+00,6.078204819647661100e-02,1.000000000000000000e+00
2.107776855048601738e-01,1.191847185473028148e+00,-1.000000000000000000e+00
-1.395508412478003057e+00,-1.810389875955015770e-01,-1.000000000000000000e+00
2.631899580306227282e-01,3.493083756630728232e-01,-1.000000000000000000e+00
-8.020703641698675446e-01,1.042401751245445318e+00,-1.000000000000000000e+00
-6.514738106739835499e-02,-1.410450322416686442e+00,-1.000000000000000000e+00
1.511309675035709121e+00,-5.990730245673643317e-01,1.000000000000000000e+00
-1.684911355473545091e+00,4.691547114845295852e-01,-1.000000000000000000e+00
3.190288282685616039e-01,1.451681832141499262e+00,-1.000000000000000000e+00
-2.469891143509704290e-01,3.184174850689401870e-01,-1.000000000000000000e+00
2.152305818972333751e-01,-1.167041759371377996e+00,1.000000000000000000e+00
-9.482901266004591934e-01,6.335163979216323904e-01,-1.000000000000000000e+00
-1.825385792761091475e+00,-1.996063630754528473e-01,-1.000000000000000000e+00
-1.908812386618648382e+00,5.320690829941058242e-01,-1.000000000000000000e+00
4.853454759122079465e-01,-3.061418125356655251e-01,1.000000000000000000e+00
1.047768261282203239e+00,9.787857263301889821e-02,1.000000000000000000e+00
-1.606217778600160573e+00,1.537706424301167329e+00,-1.000000000000000000e+00
5.132950809524176039e-01,-1.329103434483743518e-01,-1.000000000000000000e+00
-7.229829001446408387e-01,7.765917663297788875e-02,1.000000000000000000e+00
5.394896896450322998e-01,-5.887881828429177844e-01,-1.000000000000000000e+00
1.934382299976140362e-01,-2.219872463553219655e-01,-1.000000000000000000e+00
3.649455236223116128e-02,5.369235142233969027e-01,-1.000000000000000000e+00
5.192029930279858929e-01,6.629763929950986956e-01,-1.000000000000000000e+00
6.891320207565356792e-01,-9.815386014360832911e-01,1.000000000000000000e+00
6.513060817733417052e-01,-1.294294369475307960e+00,1.000000000000000000e+00
6.225576711244352746e-01,7.043328579654286603e-01,-1.000000000000000000e+00
-3.659745047288153197e-01,-4.725464757186458864e-01,1.000000000000000000e+00
2.940530287505671025e-01,6.329725001472011892e-01,-1.000000000000000000e+00
-1.619756551341269724e+00,2.485826041230709271e-01,-1.000000000000000000e+00
1.473410548703124601e+00,-1.077763114147468025e-02,1.000000000000000000e+00
-1.383373480118503585e+00,1.096128336681908344e+00,-1.000000000000000000e+00
-2.038344283038049376e-01,-3.290594465653125522e-01,1.000000000000000000e+00
-1.473659673363095335e+00,-8.951497138877992366e-02,-1.000000000000000000e+00
-7.244001634671776158e-01,7.703181235817126993e-01,-1.000000000000000000e+00
9.961574134502468314e-02,1.259126377692741494e+00,-1.000000000000000000e+00
1.185855467317372125e-01,-1.537555262168998738e+00,1.000000000000000000e+00
-6.340153940276608280e-01,2.719855599312945849e-01,1.000000000000000000e+00
-1.159548936892845356e-01,-8.540365109677654498e-01,1.000000000000000000e+00
8.415966217565558072e-01,-4.139056517012169867e-02,-1.000000000000000000e+00
-8.354432907153581667e-01,1.104790727901725278e+00,-1.000000000000000000e+00
3.524549545043147991e-01,-6.140388344257899922e-01,-1.000000000000000000e+00
2.628294319409040236e-01,7.873228078018823517e-01,-1.000000000000000000e+00
-7.552505751307543314e-01,1.126218146722361757e+00,1.000000000000000000e+00
5.051952538788704317e-01,3.072139753719585475e-01,-1.000000000000000000e+00
-5.746066496545751967e-01,-1.549538580282312505e+00,1.000000000000000000e+00
1.965285055197385500e-01,3.244877711799977194e-01,-1.000000000000000000e+00
6.226265654898005542e-01,-1.724119569539206143e-01,-1.000000000000000000e+00
7.089413953138694602e-01,6.067898146817948257e-01,-1.000000000000000000e+00
2.250787421910279473e+00,-8.634206700833032544e-01,1.000000000000000000e+00
1.364989567953693306e-01,6.239378478891752788e-01,-1.000000000000000000e+00
1.060652792849037934e-01,-6.801503491226680298e-01,1.000000000000000000e+00
5.554505692664548633e-01,9.035040304035982794e-01,-1.000000000000000000e+00
-7.147214391795998489e-01,-7.372072946922242354e-01,1.000000000000000000e+00
3.726578540864739497e-01,-9.705464035439068105e-02,-1.000000000000000000e+00
-7.063122708081469581e-01,-4.800082960802168897e-01,1.000000000000000000e+00
-3.070247979420944739e-01,-1.128210056480958734e+00,1.000000000000000000e+00
-1.945120751408738968e+00,3.816810499816539193e-01,-1.000000000000000000e+00
-2.165621119179669818e-01,-1.884215290345905069e+00,1.000000000000000000e+00
-5.196165763493691969e-01,-2.556048030203324495e-01,1.000000000000000000e+00
1.606362171737454769e+00,-4.422216992964427829e-01,1.000000000000000000e+00
-8.039214902176406996e-01,1.390548278906257040e-01,1.000000000000000000e+00
-1.408792985939430142e+00,8.879925667070353024e-01,-1.000000000000000000e+00
-1.221725788856970363e+00,5.521892921411083455e-01,-1.000000000000000000e+00
1.552821815409094475e+00,-9.492637418946547889e-01,1.000000000000000000e+00
2.898719163016429401e-01,1.924168606319817121e+00,-1.000000000000000000e+00
-1.054670156314108764e+00,1.367121958473841659e+00,-1.000000000000000000e+00
1.896567503883473726e+00,2.989922572681650847e-01,1.000000000000000000e+00
-1.649430150945781381e+00,6.430468757034711880e-01,-1.000000000000000000e+00
-1.986806208152649855e+00,7.755891272995774077e-01,-1.000000000000000000e+00
8.110478391210532711e-01,-1.603514510192114717e-01,-1.000000000000000000e+00
9.993376703289445773e-02,1.643866857037232343e+00,-1.000000000000000000e+00
1.338621696673887307e+00,-6.728870825526279686e-01,1.000000000000000000e+00
1.356056623427702945e+00,-7.767338259805784961e-01,1.000000000000000000e+00
7.803574783185153463e-02,1.674443207625254226e+00,-1.000000000000000000e+00
-7.468079704484880121e-01,3.886072388743806449e-01,1.000000000000000000e+00
-4.433215301096034566e-01,-5.602821779691993243e-01,1.000000000000000000e+00
-3.747992379946288310e-01,-1.921872128647617917e+00,1.000000000000000000e+00
4.476317067337002298e-01,6.342436323667348663e-01,-1.000000000000000000e+00
1.032694825546989659e+00,-1.098820361169978277e+00,1.000000000000000000e+00
1.296866666742290564e+00,-3.756457102882778676e-01,1.000000000000000000e+00
5.348927384646996464e-01,5.522075332998965802e-01,-1.000000000000000000e+00
3.324521278548782655e-01,-1.152126148381251269e+00,1.000000000000000000e+00
9.378986569634403248e-01,-1.539577123247526824e+00,1.000000000000000000e+00
1.233001674351753119e+00,-1.567890066923865455e-01,-1.000000000000000000e+00
8.311706849539559627e-01,-1.321867855367242717e+00,1.000000000000000000e+00
1.024434570516906673e+00,6.768548376605019179e-01,1.000000000000000000e+00
-1.124454974201839930e+00,7.616032933895879875e-01,-1.000000000000000000e+00
7.730403820055309350e-01,-2.370815974726202535e-01,-1.000000000000000000e+00
1.490367021797428526e+00,-1.805314828498893742e-01,1.000000000000000000e+00
-6.689416461787573986e-01,-5.520434027029392787e-01,1.000000000000000000e+00
-6.613886881739399204e-01,1.027305489011256512e+00,-1.000000000000000000e+00
-1.275431570088701783e+00,1.446217449946982425e+00,-1.000000000000000000e+00
-1.489378918650186678e+00,1.409785032099560853e+00,-1.000000000000000000e+00
4.422645202943537024e-01,1.434986595916547092e+00,-1.000000000000000000e+00
3.361502020857363715e-01,1.869073466413839757e-01,-1.000000000000000000e+00
-6.149726011043176177e-01,1.707633775201294890e+00,-1.000000000000000000e+00
5.680569075375854204e-01,-6.479317270476437907e-01,-1.000000000000000000e+00
-1.191227877243458133e+00,4.561098055462596834e-01,-1.000000000000000000e+00
1.933926620346541947e+00,-2.351441062346865118e-01,1.000000000000000000e+00
4.091394254880797998e-01,1.513472397932258684e-01,-1.000000000000000000e+00
1.574112374620737054e+00,-1.384395045906427590e+00,1.000000000000000000e+00
-5.321840686552186117e-01,-1.175113842229585037e+00,1.000000000000000000e+00
-1.157888665517108562e+00,-9.233332249470914410e-02,1.000000000000000000e+00
-8.768069142807048688e-02,-1.662728394635982987e+00,1.000000000000000000e+00
-1.210929318068155736e+00,1.403872929297611094e+00,-1.000000000000000000e+00
-3.508875996365736216e-01,-4.408694185875202121e-01,1.000000000000000000e+00
9.428358947347220687e-01,-7.568206072925766081e-01,1.000000000000000000e+00
1.535219547180340705e+00,-7.485643957505075941e-01,1.000000000000000000e+00
1.419393987354570452e+00,-4.045143504343521879e-01,1.000000000000000000e+00
1.777083159484462715e+00,-3.334093568232084359e-01,1.000000000000000000e+00
1.228523650955536811e-01,-6.780976163259487821e-01,1.000000000000000000e+00
-1.935719332705811979e+00,-3.071989679717291311e-01,-1.000000000000000000e+00
-1.707032488980978924e+00,3.183404088070942439e-01,-1.000000000000000000e+00
1.037542640123111370e+00,-7.194876505271829981e-01,1.000000000000000000e+00
-2.783335591496688410e-01,2.371545530798920554e-01,1.000000000000000000e+00
-6.259178146295260037e-01,-5.020701001167185984e-01,1.000000000000000000e+00
3.770693455032624319e-01,-1.819894883748226500e+00,1.000000000000000000e+00
-1.042956257291491218e+00,1.369937631277525103e+00,-1.000000000000000000e+00
6.466103811582150085e-01,-3.191424343792615970e-01,-1.000000000000000000e+00
-1.134335422336686161e+00,9.775086670012806955e-01,-1.000000000000000000e+00
5.018284926309470872e-01,-7.581090815609170530e-01,1.000000000000000000e+00
-8.474583028350810565e-01,-3.949310315009998962e-01,1.000000000000000000e+00
-8.740100049278920480e-01,2.975660395691039350e-01,-1.000000000000000000e+00
1.068207349781332471e+00,-1.070667050774481321e+00,1.000000000000000000e+00
4.229670875257117157e-01,-6.797350140018364462e-01,1.000000000000000000e+00
2.685594956919399867e-01,-2.243305747575400577e+00,1.000000000000000000e+00
1.507040148336120100e-01,-1.179444201667556369e+00,1.000000000000000000e+00
5.857116120136601767e-01,-1.280976136965803924e+00,1.000000000000000000e+00
-1.751413109331484197e+00,4.753601543470475366e-01,-1.000000000000000000e+00
-7.632077615208265886e-01,-1.414588983643297659e+00,1.000000000000000000e+00
-3.501070612160374074e-01,-8.396407459967618614e-01,1.000000000000000000e+00
6.808977211780834482e-01,-4.600043935311300403e-01,-1.000000000000000000e+00
1.043559078861294731e-01,-1.058523434841707411e+00,1.000000000000000000e+00
1.013583011824281455e+00,-2.732072538099176717e-01,1.000000000000000000e+00
-1.550436887739618408e+00,-1.172464218478104447e+00,-1.000000000000000000e+00
-1.643288380327083686e+00,5.205016568030723656e-01,-1.000000000000000000e+00
1.901373197942355597e+00,-7.876555799288609272e-01,1.000000000000000000e+00
-1.987362183453187381e+00,4.854293554653952847e-01,-1.000000000000000000e+00
-1.310702661407861791e-01,-1.996813347091300317e+00,1.000000000000000000e+00
1.773928532567006888e+00,-3.359164175418601350e-01,1.000000000000000000e+00
-1.173028746589160676e+00,1.323329539870944815e+00,-1.000000000000000000e+00
4.122193937644808015e-01,1.114605486827199066e+00,-1.000000000000000000e+00
1.132178189357149423e+00,2.556916528630472918e-01,1.000000000000000000e+00
5.705384317885137807e-02,1.016455098623296305e+00,-1.000000000000000000e+00
1.824563194227931395e-01,1.232858507432539108e+00,-1.000000000000000000e+00
-1.469994397606032809e-02,1.525651133453974628e-01,1.000000000000000000e+00
5.716394820734308491e-01,-7.114743758819072617e-02,-1.000000000000000000e+00
-1.072167363151188768e+00,4.298853643608925752e-03,-1.000000000000000000e+00
-1.602166461254306506e+00,1.157637140939267173e+00,-1.000000000000000000e+00
6.909405367626836325e-02,-1.110206882283625296e+00,1.000000000000000000e+00
1.818379774919647973e+00,-8.489595531663917116e-01,1.000000000000000000e+00
2.093598933032022325e-01,-1.326909433480950584e+00,1.000000000000000000e+00
1.484186976988441486e+00,-1.137231028517212916e+00,1.000000000000000000e+00
2.190924179059892118e-01,7.513984703490343975e-01,-1.000000000000000000e+00
1.329819461984730333e+00,5.176647733497169446e-02,1.000000000000000000e+00
2.223858818655679859e-01,5.090395925650527120e-01,-1.000000000000000000e+00
-7.492535706060455825e-01,1.788804713201758434e-01,-1.000000000000000000e+00
-5.807202692040004388e-01,8.138338514028629067e-01,1.000000000000000000e+00
-6.467856082486912461e-01,7.271838440887448130e-01,1.000000000000000000e+00
1.972052540797843090e+00,-1.366793228495459145e+00,1.000000000000000000e+00
-1.107902467032787275e+00,1.546287729561487634e+00,-1.000000000000000000e+00
-1.760505287337344182e-01,1.537945249781650370e+00,-1.000000000000000000e+00
1.507741879796448359e+00,3.926333267802536997e-01,1.000000000000000000e+00
1.963417070887934213e-01,9.136763185587184477e-01,-1.000000000000000000e+00
2.903371360479662933e-01,-3.266675879790428283e-01,-1.000000000000000000e+00
1.575769345626085949e+00,-6.609094347426993643e-01,1.000000000000000000e+00
5.015213563301444966e-01,3.070352969296244461e-01,-1.000000000000000000e+00
2.022608045939888743e+00,3.058954176192681118e-02,1.000000000000000000e+00
7.225961781392289396e-01,8.717463406920726854e-01,-1.000000000000000000e+00
1.075786390948680227e+00,-1.164330282111826431e+00,1.000000000000000000e+00
1.658028497310575444e+00,-4.525059146974893531e-01,1.000000000000000000e+00
1.103494618491369206e+00,2.986267611608047212e-01,1.000000000000000000e+00
-2.964899194145964034e-01,-2.797866939832218125e-01,1.000000000000000000e+00
-1.090971590092559396e+00,3.308047588990506993e-01,1.000000000000000000e+00
1.292330097735542027e-01,6.872347502823142884e-01,-1.000000000000000000e+00
-6.933859620759794673e-01,4.774675971548619779e-01,-1.000000000000000000e+00
2.915983176343585059e-01,-1.048607163326889857e+00,1.000000000000000000e+00
-5.129893390225045424e-01,1.034232444669777595e-01,1.000000000000000000e+00
-9.847243347598632068e-01,6.759768866092200623e-01,-1.000000000000000000e+00
-4.704575125695311666e-01,1.661165851407071070e+00,-1.000000000000000000e+00
-9.887492368867335513e-01,7.788331048188453787e-01,-1.000000000000000000e+00
-1.833505935021546573e-01,1.915761197662023407e-01,1.000000000000000000e+00
-4.782056415707131025e-01,-5.417870770162063615e-02,1.000000000000000000e+00
-7.732338968246806887e-01,7.354997585689109219e-01,-1.000000000000000000e+00
-7.510604376662274317e-01,1.492514212747303004e+00,-1.000000000000000000e+00
-1.869435061776396345e-01,-1.470022195926676600e+00,1.000000000000000000e+00
1.486393816085921582e+00,-7.179180793502965008e-01,1.000000000000000000e+00
-1.218727833466068722e+00,1.119261993098526808e+00,-1.000000000000000000e+00
-3.582844568435876731e-01,-1.724523719144585465e+00,1.000000000000000000e+00
1.452419753746179154e-01,6.443916423404724148e-01,-1.000000000000000000e+00
1.683076698447448338e+00,-4.965580413083012790e-01,1.000000000000000000e+00
-5.262926888217976940e-01,1.063374479287821250e+00,-1.000000000000000000e+00
-1.384014501411000575e+00,1.038060306661144461e+00,-1.000000000000000000e+00
6.821091194302193461e-01,-1.143034422408066630e+00,1.000000000000000000e+00
4.800619283832415207e-01,1.744723670408087957e+00,-1.000000000000000000e+00
1.441640936951370078e+00,-8.233442625180624752e-01,1.000000000000000000e+00
-1.585923882995223133e+00,-3.446111660448187841e-01,-1.000000000000000000e+00
-5.183672390481465220e-01,5.431595303562933852e-01,1.000000000000000000e+00
1.133120667262942777e-01,-8.792640180463101585e-01,1.000000000000000000e+00
-1.231139909552636871e-02,-4.041832942387846850e-01,-1.000000000000000000e+00
-2.377821484696498455e-01,-6.108104106036714720e-01,1.000000000000000000e+00
-1.328197669936906022e+00,-1.717077347973765267e-01,-1.000000000000000000e+00
1.144587168268293986e+00,7.116537987293090062e-01,1.000000000000000000e+00
-6.135285898394482462e-01,2.923687295494076244e-01,1.000000000000000000e+00
7.973172475481198340e-01,-9.241364316701895509e-01,1.000000000000000000e+00
-1.547979730777417906e+00,1.033405679887164474e+00,-1.000000000000000000e+00
-1.299290858106057156e+00,1.001150720216801071e+00,-1.000000000000000000e+00
1.283711563522427879e+00,3.693577238277396257e-01,1.000000000000000000e+00
7.768394663975924930e-01,8.516534099429139415e-01,-1.000000000000000000e+00
-2.794738609911341376e-01,-1.430051109483990168e-01,1.000000000000000000e+00
1.832506731544105427e-01,1.995654943476725451e+00,-1.000000000000000000e+00
4.783832993153194213e-01,8.402147906229933128e-01,-1.000000000000000000e+00
-8.806001738637339038e-01,7.110937044533059970e-01,-1.000000000000000000e+00
1.466784398297475756e+00,1.758567195038309716e-01,1.000000000000000000e+00
-6.537675401510133488e-01,1.569660905345121815e+00,-1.000000000000000000e+00
-1.111923888613189471e+00,1.035559003803449230e+00,-1.000000000000000000e+00
4.249072402251092839e-01,-1.521301429477291522e+00,1.000000000000000000e+00
8.580731175390788890e-01,-8.096041008617340662e-01,1.000000000000000000e+00
3.501915053872277084e-01,2.092469398659865476e+00,-1.000000000000000000e+00
-1.552505607516465602e-01,-1.101159861915780080e+00,1.000000000000000000e+00
-1.019141101836861685e+00,8.430543962621546150e-01,-1.000000000000000000e+00
-1.308221223242594489e+00,1.707850784819164858e+00,-1.000000000000000000e+00
1.084262908958358862e-01,1.478058655533529109e+00,-1.000000000000000000e+00
-3.894251245015112328e-01,-1.483880116242239477e+00,1.000000000000000000e+00
-1.254614888133994688e-01,1.115042576259696938e+00,-1.000000000000000000e+00
1.595444878632572783e+00,-1.156208549806220454e+00,1.000000000000000000e+00
-1.634833036657625582e+00,-7.696192977578869554e-02,-1.000000000000000000e+00
6.474362672206067648e-01,-1.019067281549381976e+00,-1.000000000000000000e+00
-1.487486691294663821e+00,7.333259998541750146e-01,-1.000000000000000000e+00
3.886320538642439315e-01,8.537881939889674365e-01,-1.000000000000000000e+00
3.714687505656983912e-01,-9.487213455054032130e-01,1.000000000000000000e+00
5.632645070118807995e-01,-1.379379066993151604e+00,1.000000000000000000e+00
-3.843200083302500403e-01,3.176518162818561253e-01,1.000000000000000000e+00
2.693469081490303951e-01,3.981234752073602445e-01,-1.000000000000000000e+00
-8.963183623554865642e-01,1.142632079815662616e+00,-1.000000000000000000e+00
1.846486557014864971e+00,-4.046464409022486608e-01,1.000000000000000000e+00
8.218503768599761949e-01,-1.460759237166183500e+00,1.000000000000000000e+00
9.772098558560418091e-01,-1.371053058056818541e+00,1.000000000000000000e+00
-3.600415471275471568e-01,-1.202684019003536831e+00,1.000000000000000000e+00
-1.400952823739554542e+00,1.569187026772461691e-01,-1.000000000000000000e+00
1.953855112878168931e+00,7.335655462879383526e-01,1.000000000000000000e+00
-3.996716455039553972e-01,-1.528392574878987720e+00,1.000000000000000000e+00
8.644088557986933097e-01,-2.468646954636417146e+00,1.000000000000000000e+00
4.987602530914523324e-01,1.193359861961853952e+00,-1.000000000000000000e+00
2.485067491955229857e-01,1.326589582528851174e+00,-1.000000000000000000e+00
-1.422265827051339526e+00,2.358912150222353121e-01,-1.000000000000000000e+00
1.230646757102386302e-01,1.149967603092243662e+00,-1.000000000000000000e+00
1.528451609690469448e+00,-7.534649956654851932e-01,1.000000000000000000e+00
-6.832658413284810051e-01,1.004153756330947028e-01,1.000000000000000000e+00
-2.327611428387804104e-01,-6.897390658375116557e-01,1.000000000000000000e+00
-1.826591131688963587e+00,1.222640710344610637e+00,-1.000000000000000000e+00
-1.959089125784988991e-02,1.274743215251294082e+00,-1.000000000000000000e+00
-4.927063507125768738e-02,-2.206359279662646333e+00,1.000000000000000000e+00
-5.511490058716191909e-01,-1.003324463279575030e+00,1.000000000000000000e+00
3.864167974056466615e-01,-7.679291031460826478e-01,-1.000000000000000000e+00
9.667626129482753683e-01,-8.647362011948620530e-01,1.000000000000000000e+00
1.039889156885555499e+00,-1.393672734369864941e+00,1.000000000000000000e+00
-2.830397242670835284e-02,-1.535042817437130447e+00,1.000000000000000000e+00
-3.265663087946688581e-01,1.424494375164515825e+00,-1.000000000000000000e+00
-1.458171526273347417e-02,-9.548933114995570293e-01,1.000000000000000000e+00
-1.602307181299597483e+00,-6.397049139081560920e-01,-1.000000000000000000e+00
9.368180192797813388e-02,1.919561413570882946e+00,-1.000000000000000000e+00
-1.341457356760350716e+00,3.361743708989827772e-01,-1.000000000000000000e+00
-1.290352967660248762e+00,2.937527293659327188e-01,-1.000000000000000000e+00
1.454370618166931362e+00,-8.079076916400276254e-01,1.000000000000000000e+00
-1.373600885617658252e+00,4.685710036152095914e-01,-1.000000000000000000e+00
-9.173022955029310754e-01,-1.243602090038039149e-01,1.000000000000000000e+00
8.202070127890828122e-01,-1.777029097888170872e+00,1.000000000000000000e+00
-1.154531788023041239e+00,4.388396891406210615e-02,-1.000000000000000000e+00
5.707083153697305455e-01,-1.266099520768039000e+00,1.000000000000000000e+00
8.821585282315207166e-02,-1.140506998997096844e+00,1.000000000000000000e+00
-1.050758735303024993e+00,1.432442424001566961e+00,-1.000000000000000000e+00
5.209034207674285710e-01,-1.670626636062368275e+00,1.000000000000000000e+00
-2.564687641433734400e-01,-4.225539400780271571e-01,1.000000000000000000e+00
1.846464231289318414e-01,1.462213962857760396e+00,-1.000000000000000000e+00
-7.392517428015323855e-01,1.302437328852471543e+00,-1.000000000000000000e+00
2.860626496135268426e-01,-2.945071333912386291e-01,1.000000000000000000e+00
1.576399502114281592e+00,-3.150948582185436053e-01,1.000000000000000000e+00
-1.790775582044737080e+00,-5.926578388602317116e-01,-1.000000000000000000e+00
1.825817960062946221e-01,-1.902733960948390868e+00,1.000000000000000000e+00
4.422709268283625539e-02,8.774290173559903261e-01,-1.000000000000000000e+00
-1.220912407214795881e+00,2.752684117219456605e-01,-1.000000000000000000e+00
-2.449432062112381903e-01,1.697494834731275493e+00,-1.000000000000000000e+00
-7.030304727241750706e-01,1.409755491147774764e+00,-1.000000000000000000e+00
5.554203099068529825e-01,-1.446796411376095381e+00,1.000000000000000000e+00
-1.463150955224508554e+00,6.486930708280539415e-01,1.000000000000000000e+00
-7.026071210102095843e-02,1.912422630545259405e+00,-1.000000000000000000e+00
-1.041856060810152806e+00,-4.598611355172874116e-01,-1.000000000000000000e+00
-1.524370361715605027e+00,4.151462261895269568e-01,-1.000000000000000000e+00
1.374517924831608617e+00,-2.067638834400827019e-01,1.000000000000000000e+00
4.553599290344267914e-01,-3.418720511402848494e-01,-1.000000000000000000e+00
-6.609048213722176421e-03,7.718027363638959581e-01,-1.000000000000000000e+00
1.283218098488544845e+00,-1.591935618467466229e+00,1.000000000000000000e+00
1.658997139694356138e+00,-5.758893081861548024e-01,1.000000000000000000e+00
4.145873741741655516e-02,-8.188730547352299771e-01,-1.000000000000000000e+00
1.620723452027024170e+00,-5.534008861641990240e-01,1.000000000000000000e+00
-3.961281981233626959e-01,1.255687483281334949e+00,-1.000000000000000000e+00
8.359956951232430100e-01,-1.456998022704820483e+00,1.000000000000000000e+00
2.152953392638155550e-01,1.268053850006770622e+00,-1.000000000000000000e+00
1.230490949445454785e+00,-1.106179348349191738e+00,1.000000000000000000e+00
-9.785854031062665159e-01,1.870996439136822342e+00,-1.000000000000000000e+00
-1.303323132601788670e+00,4.305238771261789554e-01,-1.000000000000000000e+00
-1.092667645283436739e+00,8.466256771959506100e-01,-1.000000000000000000e+00
-1.325158560962736431e-01,3.517720494599133052e-01,1.000000000000000000e+00
-4.369630111077875134e-01,-4.860821981013344062e-01,1.000000000000000000e+00
1.460705254692311161e+00,2.134896074858272097e-01,1.000000000000000000e+00
-1.233507514972667529e+00,1.568315820576570596e+00,-1.000000000000000000e+00
5.473918421328256567e-01,2.016662999829863800e-01,-1.000000000000000000e+00
-3.855368106930361083e-02,-1.306584974598611337e+00,1.000000000000000000e+00
-6.657873745093588758e-01,1.075342687244120521e+00,-1.000000000000000000e+00
-1.964846143093377684e+00,6.278504411418213138e-01,-1.000000000000000000e+00
1.305316150419274290e+00,1.119016942210335097e+00,1.000000000000000000e+00
-2.278783504175549091e+00,-7.538835290557519553e-01,-1.000000000000000000e+00
-1.506759204774914984e+00,1.050489690504486040e+00,-1.000000000000000000e+00
7.756098788515104481e-01,-3.846114848657142815e-01,1.000000000000000000e+00
-1.794844758873832991e+00,2.975127332301726740e-02,-1.000000000000000000e+00
-1.373003371200031575e+00,3.960139814129904900e-01,-1.000000000000000000e+00
-5.032532839377026335e-01,1.459796138349467087e+00,-1.000000000000000000e+00
-1.343492300786372384e+00,1.463582993744557248e+00,-1.000000000000000000e+00
-1.512997598754126649e+00,2.823236747546311598e-01,-1.000000000000000000e+00
-1.374663181705033654e+00,-4.707739800617860570e-01,-1.000000000000000000e+00
6.426129292086588674e-01,-1.532452309886953135e+00,1.000000000000000000e+00
4.268991949162204147e-01,4.013094518186475224e-01,-1.000000000000000000e+00
7.500304529782827467e-01,-7.666462942558113225e-01,-1.000000000000000000e+00
-5.155388267758088672e-01,8.130042552566424385e-01,1.000000000000000000e+00
6.425417717011786545e-01,9.394651852344581000e-01,-1.000000000000000000e+00
-1.858652453049536080e+00,-1.806006707132236100e-01,-1.000000000000000000e+00
-8.207485138396669599e-01,1.449372544358850545e+00,-1.000000000000000000e+00
-5.722366054424512516e-01,7.928171380388356893e-01,-1.000000000000000000e+00
1.501983007674943860e+00,-9.876084257835556768e-01,1.000000000000000000e+00
-1.783897533199105601e+00,-1.628856908938759174e-01,-1.000000000000000000e+00
3.231853595905186116e-03,-9.549935703525856967e-01,1.000000000000000000e+00
-1.498185124481924646e+00,2.345106316311807437e-01,-1.000000000000000000e+00
-3.764233134988451135e-01,1.501029895795928715e+00,-1.000000000000000000e+00
-1.475330882313551140e+00,-2.485808883348208098e-01,-1.000000000000000000e+00
-1.073312366848022448e+00,1.252888361702266584e+00,-1.000000000000000000e+00
7.467257139840129121e-02,6.865658826871289255e-01,-1.000000000000000000e+00
9.104524133661648921e-01,-2.308287779349883495e-01,1.000000000000000000e+00
2.562298907639190548e-01,6.072875431511318700e-01,-1.000000000000000000e+00
4.975725711629653825e-01,4.831618032717283073e-01,-1.000000000000000000e+00
1.599454091091236485e+00,3.017198370439840016e-02,1.000000000000000000e+00
3.611159283963586430e-01,-1.558794835520107114e+00,1.000000000000000000e+00
1.362939443043964971e+00,-1.897728204396285090e+00,1.000000000000000000e+00
5.782384369513312583e-01,-2.557722916148697845e+00,1.000000000000000000e+00
4.371329416307456750e-01,-5.598510040870980919e-01,-1.000000000000000000e+00
-1.000086423357005705e+00,1.079888991594422309e+00,-1.000000000000000000e+00
6.885699289840484516e-01,-1.172490192031044431e+00,1.000000000000000000e+00
-4.875773734356277367e-01,1.296553570763067098e+00,-1.000000000000000000e+00
1.333593021506573217e+00,-4.557876760963213147e-01,1.000000000000000000e+00
1.796454298153170370e+00,4.145022383574936131e-01,1.000000000000000000e+00
-8.382453106079251759e-01,-2.371166811682927644e-01,-1.000000000000000000e+00
3.642143133325110860e-01,-7.691102724706448956e-01,1.000000000000000000e+00
6.571297436194120656e-02,9.996434617799569988e-01,-1.000000000000000000e+00
-1.155112555175486166e+00,1.338179508731231815e+00,-1.000000000000000000e+00
4.566996911249012192e-01,1.025158293969753887e+00,-1.000000000000000000e+00
-2.017369976159455736e-01,-6.054819109871285576e-01,1.000000000000000000e+00
-1.895593743440716072e-01,1.091230175134933367e+00,-1.000000000000000000e+00
5.673148267755849794e-01,1.536974386812773596e-01,-1.000000000000000000e+00
1.950673085230633930e-01,-1.854528354901928022e+00,1.000000000000000000e+00
7.764446331631241760e-01,-2.223095959976691738e+00,1.000000000000000000e+00
-4.182360386158403415e-02,1.119549718881027722e+00,-1.000000000000000000e+00
7.701291689403600982e-01,-5.621805679024969304e-01,1.000000000000000000e+00
1.833041854509964930e+00,-7.229927660157771108e-01,1.000000000000000000e+00
1.614988582133306760e+00,-6.300704052008532230e-02,1.000000000000000000e+00
-1.126148123237755427e-01,9.073329429002301438e-01,-1.000000000000000000e+00
-1.398218131424465438e-01,-2.649432182178591000e-01,1.000000000000000000e+00
-2.462210939022569101e-01,-5.349176264651696044e-01,1.000000000000000000e+00
-6.664367305163976241e-01,4.976977550645498849e-01,1.000000000000000000e+00
2.760557236594259889e-01,-1.563082915167985032e+00,1.000000000000000000e+00
-1.982913132947980994e+00,-2.408318785446953436e-01,-1.000000000000000000e+00
-6.480150807061213492e-01,2.876125084402726684e-02,1.000000000000000000e+00
-6.491933656435642241e-01,1.479708684995703960e+00,-1.000000000000000000e+00
9.832840612848844364e-01,5.963718552475293366e-01,-1.000000000000000000e+00
-3.565127522450825537e-02,1.620121184137323755e+00,-1.000000000000000000e+00
3.002935705366311936e-01,-1.273278068820160147e+00,1.000000000000000000e+00
1.046855453329286340e-01,5.403373693163248115e-01,-1.000000000000000000e+00
-1.508494915287760252e+00,1.452391257986168915e-01,-1.000000000000000000e+00
-6.366073557009834794e-01,-1.462661827231118150e-01,1.000000000000000000e+00
-4.988063075705701510e-01,8.090182570250030736e-01,-1.000000000000000000e+00
5.083658217070442520e-01,-6.392507240949540925e-01,1.000000000000000000e+00
-1.674591216010033801e+00,-2.685361963507828520e-01,-1.000000000000000000e+00
1.614744953922296958e-02,1.738436293736516980e+00,-1.000000000000000000e+00
-3.330070091269948795e-01,-1.478433821077679067e+00,1.000000000000000000e+00
1.174162581067468070e+00,-3.431383047941011788e-01,1.000000000000000000e+00
3.440065089161709055e-01,1.443303251118632780e+00,-1.000000000000000000e+00
1.747403666337690842e+00,-8.555541482375885742e-01,1.000000000000000000e+00
-1.318241637687638912e+00,-4.458674199168888297e-01,-1.000000000000000000e+00
-1.171513350781155260e+00,6.740725672318094164e-01,-1.000000000000000000e+00
-1.910276126471228686e-01,2.452991548226093332e+00,-1.000000000000000000e+00
-3.763584292263283393e-01,5.983113513050507537e-01,-1.000000000000000000e+00
1.571859256367043489e+00,1.217812087028693341e-01,1.000000000000000000e+00
1.273997002312622584e+00,-1.645589202038110210e-01,1.000000000000000000e+00
8.078204798156420896e-01,-6.888362305363125992e-01,-1.000000000000000000e+00
1.283940704511916220e+00,-1.808550053730668683e+00,1.000000000000000000e+00
-4.624750310750254667e-01,1.590417075106584033e+00,-1.000000000000000000e+00
-1.445110146965000508e+00,3.093012685629598080e-01,-1.000000000000000000e+00
1.304340385845838446e+00,-2.479494040639030894e-01,1.000000000000000000e+00
-6.733307835426619592e-01,-7.354411489731754650e-04,1.000000000000000000e+00
-1.683268481506413394e+00,1.034624559624676809e+00,-1.000000000000000000e+00
2.209642478209083993e-01,2.492160457637255036e-02,1.000000000000000000e+00
-5.023001521354438781e-01,5.484879944091833881e-01,1.000000000000000000e+00
7.254571823350034476e-01,-7.870218584805643847e-01,1.000000000000000000e+00
-1.894466988474504010e+00,1.496038903303860135e-01,-1.000000000000000000e+00
-6.690868900480638759e-01,-7.475794185141618753e-01,-1.000000000000000000e+00
1.721099552925815790e-01,-5.537812232161224424e-01,1.000000000000000000e+00
-1.257543938559128049e+00,7.033134295584231310e-02,-1.000000000000000000e+00
1.535234135371212671e+00,-6.566673458227416660e-01,1.000000000000000000e+00
-3.255908532328666838e-01,-1.014062700333226319e+00,1.000000000000000000e+00
3.130191861887545168e-01,-8.394854897050247899e-01,1.000000000000000000e+00
-3.322049097743187129e-01,8.791135133041940719e-01,-1.000000000000000000e+00
2.053303234003273636e-01,-5.822768221514724729e-01,1.000000000000000000e+00
-1.905839975379118867e+00,-1.156362466133806777e+00,-1.000000000000000000e+00
-1.396031412210571476e+00,7.394236749567481004e-01,-1.000000000000000000e+00
1.043215971313721457e+00,-1.183017156455107743e+00,1.000000000000000000e+00
1.030587836243805677e+00,-1.321740776010021934e-01,1.000000000000000000e+00
9.799352142269918131e-01,-1.126263109004887353e+00,1.000000000000000000e+00
-7.817861054617977201e-01,5.242546079221648281e-01,-1.000000000000000000e+00
9.497521284356392757e-01,5.874219993976683707e-01,1.000000000000000000e+00
1.576604186367594806e+00,-1.021216596870114124e+00,1.000000000000000000e+00
-1.367583630599753297e+00,-1.772105608834294299e-01,-1.000000000000000000e+00
-8.734494969712578438e-01,7.318344575150088627e-01,-1.000000000000000000e+00
1.580867757164379661e+00,-3.928408174455344515e-01,1.000000000000000000e+00
-1.211176670350825768e+00,1.093302625590392374e+00,-1.000000000000000000e+00
5.220827592963210861e-01,-8.556062701655935410e-01,1.000000000000000000e+00
1.575172151976654167e+00,-9.158946668225617094e-01,1.000000000000000000e+00
-2.833945709608998165e-01,-1.416949889320294087e+00,1.000000000000000000e+00
-8.447872477307397654e-01,9.603991206120868762e-01,-1.000000000000000000e+00
1.674945962921630116e+00,3.125093904811022116e-01,1.000000000000000000e+00
1.768683410871810802e+00,-1.899910271897851666e-01,1.000000000000000000e+00
-3.044621871269467817e-01,-7.997285306993479059e-02,1.000000000000000000e+00
-1.742630564577776875e+00,-4.347822164802952472e-01,-1.000000000000000000e+00
-8.349236204631885760e-01,-1.219829365446283953e+00,1.000000000000000000e+00
1.744207809261930198e+00,5.584899377206314908e-01,1.000000000000000000e+00
-2.589119760498097000e-01,8.322396350408134413e-01,-1.000000000000000000e+00
-1.178088783597654565e+00,8.371751810397206617e-01,-1.000000000000000000e+00
1.366968268926109786e-01,6.574668910235500485e-01,1.000000000000000000e+00
-5.027578884736109283e-02,3.981310595675333075e-01,-1.000000000000000000e+00
3.406475993538313207e-02,-1.043721125967121077e+00,1.000000000000000000e+00
-4.212088018495100950e-01,1.247636147973008702e+00,-1.000000000000000000e+00
1.343783983573001439e+00,-8.748195276095029893e-01,1.000000000000000000e+00
5.918178950704834351e-01,-6.169684247618754114e-01,1.000000000000000000e+00
1.755334201947498229e+00,-4.550178570042251458e-03,1.000000000000000000e+00
-6.133863920044392293e-01,-1.397740828155077386e+00,1.000000000000000000e+00
-6.598581560784176903e-01,-4.929709981146634390e-01,1.000000000000000000e+00
-2.397643134785062136e-01,-1.034348824834711467e+00,1.000000000000000000e+00
-7.969098976805780721e-01,2.810945156636637798e-01,1.000000000000000000e+00
-3.342365085902884725e-01,1.960341801694369224e+00,-1.000000000000000000e+00
-1.273331414932812322e-01,8.161214927603613889e-01,-1.000000000000000000e+00
1.219142700793904410e+00,-1.232565300134403907e+00,1.000000000000000000e+00
1.917231328556812997e+00,3.391292742394861337e-01,1.000000000000000000e+00
5.618125437485040896e-01,1.486973457817510891e-01,-1.000000000000000000e+00
-3.977955196962639217e-01,6.802175521758478949e-01,-1.000000000000000000e+00
-1.391838340782873606e+00,6.385201554647885747e-01,-1.000000000000000000e+00
2.675380265176628969e-01,-7.139242850988348765e-01,1.000000000000000000e+00
-1.227084136874313725e+00,1.736976436357758891e+00,-1.000000000000000000e+00
-1.576673619396769865e+00,1.037169881599278254e+00,-1.000000000000000000e+00
3.819991289225443953e-01,5.410838261705547270e-01,-1.000000000000000000e+00
-5.697145297849649515e-01,-1.182356181705968678e+00,1.000000000000000000e+00
1.039775569627316987e+00,-6.179473689646720613e-01,1.000000000000000000e+00
4.335609350067690104e-01,8.483200669961473706e-01,-1.000000000000000000e+00
9.454921738988603108e-01,-1.071883045395037426e+00,1.000000000000000000e+00
-1.866231565919915791e-01,-8.443306988456698026e-01,1.000000000000000000e+00
1.982945338056197326e-01,8.427108525991130472e-01,-1.000000000000000000e+00
1.702699047109504926e-01,1.555122783623437144e+00,-1.000000000000000000e+00
-6.621371412317620386e-01,1.267143811460370861e-01,1.000000000000000000e+00
2.067881514035014412e+00,2.435662677159255163e-01,1.000000000000000000e+00
1.626254056004980075e+00,7.780523180783207593e-01,1.000000000000000000e+00
6.406216146490595342e-01,6.627792780508552639e-02,-1.000000000000000000e+00
1.081436063564840344e+00,-1.606464448857659821e+00,1.000000000000000000e+00
6.982597258448012267e-01,-1.083979094072384797e+00,1.000000000000000000e+00
1.202102569837883106e+00,7.020978545333667054e-01,1.000000000000000000e+00
-4.749608752507407106e-01,4.363306280528476272e-02,1.000000000000000000e+00
6.955857595861827392e-01,-9.226237299971029593e-01,1.000000000000000000e+00
4.421002076295800221e-01,-2.221898557033906485e+00,1.000000000000000000e+00
1.054149465501727834e+00,-1.486592946591515085e+00,1.000000000000000000e+00
1.306624742352165969e-01,-5.163697867783987316e-01,1.000000000000000000e+00
6.947218255809767262e-01,-7.970082530431299439e-02,-1.000000000000000000e+00
-1.004398056788073368e-01,1.719235849163489149e+00,-1.000000000000000000e+00
1.722701278978570283e+00,-1.105934136678976332e+00,1.000000000000000000e+00
8.262981167631321122e-03,-1.319724858325208028e-01,1.000000000000000000e+00
-2.021826320153673195e-01,1.678337167243888928e+00,-1.000000000000000000e+00
4.154202300004132264e-01,1.120434010489463450e+00,-1.000000000000000000e+00
5.804049946513860636e-01,3.243990567546346515e-01,-1.000000000000000000e+00
8.699668594434584179e-02,1.029157592846218439e+00,-1.000000000000000000e+00
-1.015344798622730194e+00,1.192115743075239154e+00,-1.000000000000000000e+00
1.558716527155488418e-01,-2.540939226640572257e-01,-1.000000000000000000e+00
-3.929418100374874601e-01,-3.895622419074336040e-01,1.000000000000000000e+00
-5.605429140974349522e-01,1.597864233164495884e+00,-1.000000000000000000e+00
6.847437580556094971e-01,-4.806317007661214391e-01,1.000000000000000000e+00
-5.120843109238118473e-02,1.146776484334017354e+00,-1.000000000000000000e+00
1.890259344546111331e+00,-5.416663293506278343e-02,1.000000000000000000e+00
1.288800811140609737e+00,4.049473066244604347e-01,1.000000000000000000e+00
-1.306208012196856949e-01,-1.060204737608519077e+00,1.000000000000000000e+00
-1.659839328774247003e+00,-7.115065604033172786e-01,-1.000000000000000000e+00
-1.255484150927549836e+00,2.777467705062147685e-01,-1.000000000000000000e+00
-4.968854008925737697e-01,3.868958268252019606e-01,-1.000000000000000000e+00
1.801355001269201006e+00,-6.331307705215143411e-01,1.000000000000000000e+00
1.190304105641906141e+00,-5.652964978330146106e-01,1.000000000000000000e+00
-1.086386551859205296e+00,8.413892314611371992e-01,-1.000000000000000000e+00
5.609743784097317443e-01,3.129711404344671655e-01,-1.000000000000000000e+00
-9.971255777051321045e-01,-3.119771793142652183e-01,1.000000000000000000e+00
7.326464842829272239e-01,-1.092764960913306625e-02,-1.000000000000000000e+00
-1.438253037562850223e-01,7.868497150279034624e-01,1.000000000000000000e+00
-3.723603123821034311e-01,5.729105072636412332e-01,1.000000000000000000e+00
-6.805698965637339004e-01,1.571416120444991904e+00,-1.000000000000000000e+00
1.496202828729811633e-02,-9.968129162604860705e-01,1.000000000000000000e+00
2.243705323831702569e-01,-1.565434536321272940e-01,-1.000000000000000000e+00
4.488688689413420363e-01,2.012659196101679662e-02,-1.000000000000000000e+00
1.520897392997632158e-01,1.068261094709260561e+00,-1.000000000000000000e+00
5.251609313115163102e-01,-1.024931053246509682e+00,1.000000000000000000e+00
-5.850128684431116222e-01,-4.871133212557476888e-01,1.000000000000000000e+00
5.304006346165121011e-01,-1.092222920388867952e-01,-1.000000000000000000e+00
2.946175619081157770e-01,-7.001895144517402692e-01,1.000000000000000000e+00
-5.444241024307709953e-01,3.885636642610176827e-01,1.000000000000000000e+00
-1.726037440694802028e+00,-6.339769380784698871e-01,-1.000000000000000000e+00
-2.935295138186833075e-01,1.421350093243683554e+00,-1.000000000000000000e+00
-6.280232423552709609e-01,4.763464945671551098e-01,1.000000000000000000e+00
5.636371779767209711e-01,-1.692235264537338135e-01,1.000000000000000000e+00
1.331468526701424127e+00,3.167107831253694328e-01,1.000000000000000000e+00
4.441283201181916301e-02,4.961567114672568723e-01,-1.000000000000000000e+00
3.371175781267313765e-01,2.421250841196904979e-01,-1.000000000000000000e+00
-5.787841332195869937e-01,1.445429816023138248e+00,-1.000000000000000000e+00
-1.306816304822629338e+00,1.947066700422785512e+00,-1.000000000000000000e+00
-1.875493692849917071e+00,-3.935171996670202010e-01,-1.000000000000000000e+00
-4.099377846199716569e-01,-1.705106474025128938e+00,1.000000000000000000e+00
1.678145259808727197e+00,-1.750009427716193944e+00,1.000000000000000000e+00
-1.065549719013478835e-01,6.180103206749368305e-02,1.000000000000000000e+00
-8.516624003046865399e-01,1.254589578569138997e+00,-1.000000000000000000e+00
1.562524928441940464e+00,-3.866681810930147623e-01,1.000000000000000000e+00
6.201882210929560157e-01,-7.128147054265947247e-02,-1.000000000000000000e+00
8.788220802321621283e-01,-1.120351130166771458e+00,1.000000000000000000e+00
-6.533390787286305068e-01,1.785433277176566191e+00,-1.000000000000000000e+00
-9.478935507478683520e-02,-5.429327720548990932e-01,1.000000000000000000e+00
-5.942582630672000876e-01,1.324626168909334822e+00,-1.000000000000000000e+00
5.573144543439445542e-01,1.487926413953063465e+00,-1.000000000000000000e+00
2.349914280010032275e-01,-1.269693020081394508e+00,-1.000000000000000000e+00
1.145519081406990852e-01,-2.225157376734582471e+00,1.000000000000000000e+00
-4.658705950434018916e-01,1.012262992495565728e+00,-1.000000000000000000e+00
1.693997572184286815e+00,-1.637862483842698336e-01,1.000000000000000000e+00
1.365796713174945443e-01,1.946669066528510794e-01,-1.000000000000000000e+00
-1.285550274863781040e+00,7.510227019794578629e-01,-1.000000000000000000e+00
1.373112318284257727e+00,-1.107107630891164929e+00,1.000000000000000000e+00
1.527486776203681673e+00,-1.110203715686220116e+00,1.000000000000000000e+00
1.658093770240978149e-01,-1.471714745942581892e+00,1.000000000000000000e+00
-6.706277558448386911e-02,2.952380009002791850e-01,-1.000000000000000000e+00
1.221857727340321942e+00,-1.345089679301728625e+00,1.000000000000000000e+00
7.361252568661718065e-01,2.839874571343726783e-01,-1.000000000000000000e+00
5.047257079695434134e-01,5.281660447990125240e-01,-1.000000000000000000e+00
-1.309277341655045446e-01,4.868611386844840516e-01,-1.000000000000000000e+00
-6.181898928165641127e-01,-1.057409479736350633e-01,1.000000000000000000e+00
8.179446023479112204e-01,-1.218577580663315674e+00,1.000000000000000000e+00
6.826379575829634450e-02,-1.435460590301372852e+00,1.000000000000000000e+00
-9.780812433437331421e-01,7.860096613235872942e-01,-1.000000000000000000e+00
1.977098173520576374e+00,9.608303916223544239e-02,1.000000000000000000e+00
-8.981681372656059592e-01,9.423855652670020122e-01,-1.000000000000000000e+00
-1.602326189541968038e+00,2.512286557516301144e-01,-1.000000000000000000e+00
1.323857454842482850e+00,-1.864239757620012261e+00,1.000000000000000000e+00
2.421510576548933646e-01,-6.298293904970865276e-01,1.000000000000000000e+00
-3.417296351880888539e-01,1.732931352982415518e+00,-1.000000000000000000e+00
1.649455331797106572e+00,-7.434950067170470467e-01,1.000000000000000000e+00
2.315453100691792776e-01,-2.021678899386931405e-01,1.000000000000000000e+00
-1.094111969112083971e+00,1.351455202887269724e+00,-1.000000000000000000e+00
1.534086954413533599e+00,6.043525974521342103e-01,1.000000000000000000e+00
1.198789350238353757e+00,7.151358439071877626e-01,1.000000000000000000e+00
-5.277908871076332220e-01,1.957433724023451171e+00,-1.000000000000000000e+00
-1.933791338266999560e+00,5.951647759765722467e-01,-1.000000000000000000e+00
2.081543181464900805e+00,-9.173902094233699067e-01,1.000000000000000000e+00
2.907818154214105721e-01,-7.677492072208272900e-01,1.000000000000000000e+00
-1.993166789038589348e+00,2.504359806923224241e-01,-1.000000000000000000e+00
1.559666189955243532e+00,1.874273792339720135e-01,1.000000000000000000e+00
-9.066984661738189955e-01,-3.705936664502949562e-01,1.000000000000000000e+00
-7.886782104475935640e-01,1.509821741893459857e+00,-1.000000000000000000e+00
1.302619412508655150e-01,-9.540806447743473973e-01,1.000000000000000000e+00
3.042555846913079787e-01,9.461238078001029672e-01,-1.000000000000000000e+00
1.615568646148848986e+00,-2.161952144280493981e-01,1.000000000000000000e+00
-3.909586350776260155e-01,1.203343779578427197e+00,-1.000000000000000000e+00
7.342071558810510379e-02,9.871366755271101523e-01,-1.000000000000000000e+00
-1.389508648536898761e-01,7.719837646759172278e-01,-1.000000000000000000e+00
-1.959503960353247809e+00,-1.300493340021755817e-01,-1.000000000000000000e+00
-4.969774283032407092e-01,-1.101742872760647307e+00,1.000000000000000000e+00
3.641155859965453101e-01,-9.337708389713526014e-01,1.000000000000000000e+00
-1.409312835762282390e+00,-3.565182528305492760e-01,-1.000000000000000000e+00
-1.116211972524837837e+00,2.267535041404308505e+00,-1.000000000000000000e+00
-1.202269331425861454e+00,7.528392430088909348e-02,-1.000000000000000000e+00
1.915664651438382826e+00,1.237021462414769901e-01,1.000000000000000000e+00
-1.491793743641035785e+00,-9.458229553592135685e-01,-1.000000000000000000e+00
-9.908760715270158170e-02,-3.434268570462993275e-01,1.000000000000000000e+00
-1.356280862867301762e+00,6.871524390347326372e-02,-1.000000000000000000e+00
-1.485002758753468211e+00,1.029568330206305671e+00,-1.000000000000000000e+00
-1.331128755080606352e+00,1.127843152236913893e+00,-1.000000000000000000e+00
-5.039789069312055059e-01,1.093283824709411434e+00,-1.000000000000000000e+00
6.468828020307880733e-01,-1.484136181725050907e+00,-1.000000000000000000e+00
2.085918098205669313e+00,-2.829962101514779671e-01,1.000000000000000000e+00
1.861231831076696430e+00,5.939218315901670930e-01,1.000000000000000000e+00
-3.584247442253458704e-01,9.677522935006847016e-01,-1.000000000000000000e+00
5.893405098382120677e-01,4.416213387665410967e-02,-1.000000000000000000e+00
-1.127094203111049353e+00,5.283249789519793849e-01,-1.000000000000000000e+00
1.534399368704694400e+00,2.079786037520686692e-02,1.000000000000000000e+00
8.706038163344399505e-01,-4.051246295494501659e-01,-1.000000000000000000e+00
-4.418208168463996222e-01,1.311880952798381683e+00,-1.000000000000000000e+00
-8.355263641389434337e-01,1.504238150311955957e+00,-1.000000000000000000e+00
-2.008481747927104433e+00,8.540835582944888982e-01,-1.000000000000000000e+00
1.667437933956037732e-01,-1.572983014213516828e+00,-1.000000000000000000e+00
-9.658920921738950449e-01,1.899925028518448578e+00,-1.000000000000000000e+00
-1.261588392397525293e+00,3.860680123593697166e-01,-1.000000000000000000e+00
-1.720704775434141465e-01,-7.104251419016172076e-01,1.000000000000000000e+00
-1.905509108404487728e+00,6.550211679836472900e-01,-1.000000000000000000e+00
3.766974181930642374e-01,-1.817127289596687012e+00,1.000000000000000000e+00
-2.316717540229452574e-02,-9.982554846920667080e-01,1.000000000000000000e+00
3.459478563873173984e-01,5.253271369275911429e-01,-1.000000000000000000e+00
5.084561594048881972e-01,-2.052951471190121779e+00,1.000000000000000000e+00
1.043842098690096198e-01,1.322050863332022708e+00,-1.000000000000000000e+00
8.676582791447419174e-01,-9.091390002463360931e-01,1.000000000000000000e+00
2.616135160192665232e-01,7.164175174620197595e-01,-1.000000000000000000e+00
5.754917982685296973e-01,-4.466307207193500051e-01,-1.000000000000000000e+00
2.181365646273559777e-01,-4.925254623626901807e-01,-1.000000000000000000e+00
1.389422131189148812e+00,-7.501226867592996062e-01,1.000000000000000000e+00
-1.293722090053575080e+00,1.138758892384224231e+00,-1.000000000000000000e+00
-3.383270599555386893e-01,-9.318741060178643565e-01,1.000000000000000000e+00
-1.099033274152944051e+00,-4.353944499190803286e-01,-1.000000000000000000e+00
-4.650566794375442514e-01,2.103482804760758995e+00,-1.000000000000000000e+00
6.322190929509148294e-01,-1.047195838485565522e+00,1.000000000000000000e+00
2.004194709052788959e+00,-1.064174915955561351e+00,1.000000000000000000e+00
1.928801865485678224e+00,1.304242340702897220e-02,1.000000000000000000e+00
2.281545541135650002e-01,-1.436510720826658760e+00,1.000000000000000000e+00
-6.195049934848518847e-01,1.505378619093404868e+00,-1.000000000000000000e+00
1.316228837907688742e+00,-8.457204655472745358e-01,1.000000000000000000e+00
-8.684540174100461307e-01,1.610361884257835774e+00,-1.000000000000000000e+00
5.462830531442300908e-01,-1.167403216519575793e+00,1.000000000000000000e+00
5.208222453972634058e-01,-1.690508737893146485e+00,1.000000000000000000e+00
-1.898265810529952413e-01,6.300763530351429775e-01,-1.000000000000000000e+00
3.482270469493922715e-01,1.522180504098471721e+00,-1.000000000000000000e+00
-1.341725510745746530e-01,-1.864595409014002447e+00,1.000000000000000000e+00
9.793292057007509932e-01,-9.754014153503644258e-02,1.000000000000000000e+00
-2.275383153222456212e+00,4.739234925521871866e-01,-1.000000000000000000e+00
7.779267909613614140e-01,-2.563171895837100811e-01,-1.000000000000000000e+00
8.450550915453827194e-01,-1.830074348417634944e+00,1.000000000000000000e+00
-6.347506289991265982e-01,5.345884712385462478e-01,-1.000000000000000000e+00
2.075308711588993660e+00,-3.946807271354919600e-01,1.000000000000000000e+00
-3.878777906498767081e-01,-7.596138143515410168e-02,1.000000000000000000e+00
1.760687614808830403e+00,6.056491334952958105e-01,1.000000000000000000e+00
5.943642348977554724e-01,7.294102548022132204e-01,-1.000000000000000000e+00
4.539709234254543646e-01,1.534716336999018216e+00,-1.000000000000000000e+00
-1.430019026752354649e-01,1.771270798712342165e+00,-1.000000000000000000e+00
1.330779293277885023e+00,1.014377420963786802e-01,1.000000000000000000e+00
-1.659508410121903976e+00,6.320328460400356230e-01,-1.000000000000000000e+00
-3.200137179208285138e-02,-1.803557152273906006e+00,1.000000000000000000e+00
5.592215643602336250e-01,1.055737570495611788e+00,-1.000000000000000000e+00
-8.128610872294737832e-02,-8.359594907220030402e-01,1.000000000000000000e+00
-2.569193982129485132e+00,5.550445274719204569e-01,-1.000000000000000000e+00
1.872238308480199231e+00,1.450125555192669294e-02,1.000000000000000000e+00
-4.577744623221618459e-01,2.712293056581835948e-01,-1.000000000000000000e+00
-9.821309940431292018e-01,1.738982644493185292e+00,-1.000000000000000000e+00
-1.303835010582485188e+00,-1.159534821928871917e+00,-1.000000000000000000e+00
-4.909424672674740364e-01,4.707549041643395715e-01,1.000000000000000000e+00
-6.049200146143216550e-01,8.669337181594662933e-01,-1.000000000000000000e+00
-1.416630142056657826e+00,1.274482137237627599e+00,-1.000000000000000000e+00
-1.503897695822901115e+00,1.595682611878624035e+00,-1.000000000000000000e+00
1.325194088126337322e+00,-1.583404892454005619e+00,1.000000000000000000e+00
-1.835935931610734595e-01,1.677474559391950004e+00,-1.000000000000000000e+00
2.227690988118204096e+00,-1.145826791391004962e+00,1.000000000000000000e+00
-1.859988713091996981e+00,-7.032722930231014580e-01,-1.000000000000000000e+00
1.601494512179009178e-01,1.379156063175806635e+00,-1.000000000000000000e+00
-2.246861570909348960e-01,1.384883765669773226e+00,-1.000000000000000000e+00
1.325767211802873824e+00,7.548643133526246052e-01,1.000000000000000000e+00
-5.754714143001914417e-01,-1.329115325686719196e+00,1.000000000000000000e+00
3.174460001853834368e-01,-5.561911634025439310e-01,-1.000000000000000000e+00
-1.737041608624579625e-01,3.751359952328134351e-01,1.000000000000000000e+00
-1.951506036688853918e+00,7.064059847470699482e-02,-1.000000000000000000e+00
-9.213670712679607189e-02,7.587727988213939512e-02,-1.000000000000000000e+00
2.194340068082654693e-01,1.929064681358571676e+00,-1.000000000000000000e+00
-4.266568952635384493e-01,-1.537517419440443955e+00,1.000000000000000000e+00
4.873677514428684798e-01,7.897851589323618970e-01,-1.000000000000000000e+00
-7.369740711256899113e-01,1.689281485418267836e+00,-1.000000000000000000e+00
4.069816418292986904e-01,1.132480265415783505e+00,-1.000000000000000000e+00
1.769497252146664812e-01,8.085897546963018989e-01,-1.000000000000000000e+00
3.628465254489552372e-01,-1.986349914853254850e+00,1.000000000000000000e+00
-1.080624794900785890e+00,6.755014049429447498e-01,-1.000000000000000000e+00
4.070131402020839007e-01,-8.880395297879077887e-01,1.000000000000000000e+00
6.779812621017814456e-01,-6.492411777448598986e-01,1.000000000000000000e+00
6.494464214820746539e-01,-9.948554136153311411e-01,-1.000000000000000000e+00
-4.926432258880842907e-01,-5.190010639480070048e-02,-1.000000000000000000e+00
-7.686549800126767085e-02,-1.660934589760807434e-01,-1.000000000000000000e+00
6.661873277312522212e-01,3.640556035405932422e-01,-1.000000000000000000e+00
-5.374221855155094651e-01,1.252068846681396508e+00,-1.000000000000000000e+00
-3.873873391756559870e-01,1.251337270623941178e+00,-1.000000000000000000e+00
6.903208861159638998e-02,-1.543023244967219210e+00,1.000000000000000000e+00
-1.368318194815085320e+00,-3.186264272423253718e-01,-1.000000000000000000e+00
6.635400437627722026e-01,1.834522064003114572e-01,-1.000000000000000000e+00
6.119198753379520017e-01,-1.417131413241943527e-01,1.000000000000000000e+00
-1.340148804453898945e+00,6.246042692091122728e-01,-1.000000000000000000e+00
4.692425233591496214e-01,-1.190132731227066865e+00,1.000000000000000000e+00
-1.592578832682952153e-02,1.132750532097120733e+00,-1.000000000000000000e+00
-1.617050149801458891e+00,2.779544989534581470e-02,-1.000000000000000000e+00
-1.621472829909455404e+00,1.689811672648058524e-02,-1.000000000000000000e+00
1.781055216138681119e-01,1.673604332583920717e+00,1.000000000000000000e+00
5.146913300819736525e-01,-1.582339552170695107e+00,1.000000000000000000e+00
-1.941812480469652935e-01,6.303276286509817972e-01,-1.000000000000000000e+00
-1.574867796159319377e+00,6.884543090660502074e-01,-1.000000000000000000e+00
5.506849715546321411e-01,-2.103489177186691261e+00,1.000000000000000000e+00
-1.306628172272904065e+00,-1.223390700560770122e-01,-1.000000000000000000e+00
-9.375238183662536473e-01,4.345137122549923014e-01,1.000000000000000000e+00
1.312441324135475096e+00,-2.952642100734500508e-01,1.000000000000000000e+00
-1.636116881800423029e+00,1.759217705712669000e-01,-1.000000000000000000e+00
-1.649167167994950223e+00,3.174805048732674551e-01,-1.000000000000000000e+00
-1.054573189579215697e-01,9.997955479753814489e-02,1.000000000000000000e+00
1.184235398519092763e+00,-6.754208212826996460e-01,1.000000000000000000e+00
-1.393179937430909510e+00,-6.385422405386196321e-01,-1.000000000000000000e+00
-2.532762022204474439e-01,-1.367699058321952377e+00,1.000000000000000000e+00
1.511827154976094434e+00,-8.490991378076452600e-02,1.000000000000000000e+00
-8.255500837341234188e-01,-2.703735991959860252e-01,1.000000000000000000e+00
2.444210791107586656e-01,-6.359788088855024002e-01,1.000000000000000000e+00
1.720309674554950874e+00,-3.548906360399577964e-01,1.000000000000000000e+00
-2.383436959816223943e+00,-5.434690951768361700e-01,-1.000000000000000000e+00
-6.188581922172591288e-01,1.653103846909540264e+00,-1.000000000000000000e+00
-1.511350620245950072e-01,-1.065895535597358279e+00,1.000000000000000000e+00
-2.184012575695484237e-01,4.137583101678852238e-01,-1.000000000000000000e+00
6.297673524022191494e-01,-4.354928432302050401e-01,1.000000000000000000e+00
2.137601542106325192e-01,5.510940014646712598e-02,-1.000000000000000000e+00
1.410211845213485971e+00,2.431571954035859351e-01,1.000000000000000000e+00
2.119493012681204380e+00,-1.700950721418234668e+00,1.000000000000000000e+00
2.763420484778586136e-02,8.858880066959736732e-01,-1.000000000000000000e+00
6.989862876162692418e-01,-9.782043900832416705e-01,-1.000000000000000000e+00
-5.199752986910843866e-01,5.229861977891259173e-01,1.000000000000000000e+00
-5.522637381638746401e-01,1.328319743822791388e+00,-1.000000000000000000e+00
-4.812363220551238996e-01,4.311105267027477983e-01,1.000000000000000000e+00
5.533013104852922970e-01,8.171237916589692007e-01,-1.000000000000000000e+00
-1.278346463090404672e+00,-2.027588323447620244e-01,-1.000000000000000000e+00
8.677248947651201583e-01,-5.763257652455626712e-01,1.000000000000000000e+00
-2.115734814611480441e-01,-2.916352679784458002e-01,1.000000000000000000e+00
6.108300673497472077e-01,-1.815556575952032681e+00,1.000000000000000000e+00
-3.540561795728549010e-01,-1.473412547654811833e-01,1.000000000000000000e+00
1.609900219719411663e+00,-1.006885897928027962e+00,1.000000000000000000e+00
1.385778308753641497e+00,-2.925960691017132631e-01,1.000000000000000000e+00
5.772283034301844973e-01,-9.743504337320608721e-01,1.000000000000000000e+00
-1.488564768318668463e+00,8.627821113489336780e-01,-1.000000000000000000e+00
8.118208361754429836e-01,-1.197604060724734909e+00,1.000000000000000000e+00
-4.187617087399556626e-01,1.850118933494768747e-01,1.000000000000000000e+00
1.005925236645965892e+00,-1.392205155825114948e+00,1.000000000000000000e+00
1.091358247012974986e-01,2.681690446869887667e-01,-1.000000000000000000e+00
4.741987306388674162e-01,2.376987624543241973e-01,-1.000000000000000000e+00
-3.646834106305292811e-01,1.570566635486870810e+00,-1.000000000000000000e+00
1.201502266020190446e-01,-5.572772141383122158e-01,-1.000000000000000000e+00
-7.538135028527285231e-01,1.232591434584490164e+00,-1.000000000000000000e+00
1.301817526718409113e+00,-6.150905015825813837e-01,1.000000000000000000e+00
-3.129092109321916504e-01,3.168059629853943182e-01,-1.000000000000000000e+00
9.437879777456930075e-01,-1.020580501589512634e+00,1.000000000000000000e+00
1.259855768528058417e-01,1.006414730175134276e+00,-1.000000000000000000e+00
-1.947958923777218132e+00,1.412852450485679645e+00,-1.000000000000000000e+00
3.131316538657250570e-01,-1.103549115084710541e+00,1.000000000000000000e+00
-9.067917302108259303e-01,1.783572767143570825e+00,-1.000000000000000000e+00
2.865039817833319735e-01,-6.528876485177238509e-01,1.000000000000000000e+00
-3.059672371839194938e-01,5.632299145416017616e-01,1.000000000000000000e+00
8.727602113172044929e-02,-6.575622951511033154e-01,-1.000000000000000000e+00
-8.206073112395049218e-01,4.533181373003938863e-01,-1.000000000000000000e+00
5.410075755738193992e-01,-1.360885524426783233e+00,1.000000000000000000e+00
-7.945676748802266154e-01,-1.166554604297459274e+00,1.000000000000000000e+00
-1.519385696114439188e+00,7.283987181413152934e-01,-1.000000000000000000e+00
1.049461051373951959e+00,-1.674312977354908805e+00,1.000000000000000000e+00
-1.481706793240854747e+00,-3.566592361946590434e-02,-1.000000000000000000e+00
8.785978959861223681e-02,-1.471453607459079382e+00,1.000000000000000000e+00
-1.073872582429819422e+00,1.898641659344106669e+00,-1.000000000000000000e+00
2.717638026644263460e-01,4.931496088924461341e-01,-1.000000000000000000e+00
2.030649822980912678e+00,6.442975646628238406e-01,1.000000000000000000e+00
-8.793635128439979409e-01,-8.600719698704653582e-02,1.000000000000000000e+00
-1.836984671603795416e+00,-6.848898793785178629e-01,-1.000000000000000000e+00
1.061997375315658632e-01,1.680134413153528961e-01,-1.000000000000000000e+00
9.506290062980332634e-01,-4.777406013553877062e-01,1.000000000000000000e+00
-9.292842080423205364e-02,-4.466638772411306024e-01,1.000000000000000000e+00
4.743694615934487269e-01,4.811910789044007153e-01,-1.000000000000000000e+00
1.096496763811084074e+00,-6.345136031253651998e-01,1.000000000000000000e+00
1.233491865444506091e-01,-1.423728632036937169e-01,-1.000000000000000000e+00
-1.466961767068639677e+00,1.854726592782418582e-01,-1.000000000000000000e+00
2.503595083723661463e-01,-1.831988114376077892e+00,1.000000000000000000e+00
1.223292681708704199e+00,-4.611252524149885290e-01,1.000000000000000000e+00
-1.143621160787649416e+00,5.481343709721140378e-01,-1.000000000000000000e+00
-5.297370866194370809e-01,-1.656665505231834090e-01,1.000000000000000000e+00
6.013917768401232378e-01,-1.325448808514338328e+00,1.000000000000000000e+00
5.543694221739771111e-01,8.061195264598978172e-01,-1.000000000000000000e+00
7.562520894864191989e-01,-1.290591182698026529e+00,1.000000000000000000e+00
4.854804526208942872e-01,-1.272745171839636313e+00,1.000000000000000000e+00
-7.077193143864598524e-01,1.072604377486887861e+00,-1.000000000000000000e+00
9.596982780203003882e-01,-1.211071405870027595e+00,1.000000000000000000e+00
1.037758632900015243e+00,-1.275032128133426035e+00,1.000000000000000000e+00
8.652920225986500125e-01,-1.302985853441761988e+00,1.000000000000000000e+00
8.833065930358295903e-01,-1.385468221416040313e+00,1.000000000000000000e+00
-6.823786661783334262e-01,1.197386092827845000e-01,1.000000000000000000e+00
1.094023054794471150e+00,-2.168059071595842269e-01,1.000000000000000000e+00
2.116325872413966219e-02,6.696085876984309015e-01,-1.000000000000000000e+00
-5.889612703415433304e-01,-3.462731972331701408e-02,1.000000000000000000e+00
-3.041795818265454199e-01,-1.790616671361288548e+00,1.000000000000000000e+00
-1.944889954157303091e-01,9.079123154532032780e-01,-1.000000000000000000e+00
8.183291771562801742e-01,-1.182565376146098135e+00,1.000000000000000000e+00
5.323594823752979543e-01,1.788115797421939268e+00,-1.000000000000000000e+00
-2.057184814868724954e-01,5.494180453646322349e-01,-1.000000000000000000e+00
-5.793517000725693922e-02,-1.759013089610201308e-01,1.000000000000000000e+00
-5.327308710720493057e-01,1.561646241005318680e+00,-1.000000000000000000e+00
6.362610929372494173e-01,-1.025762394083419737e+00,1.000000000000000000e+00
-3.490746945925738420e-01,7.322212441913612535e-01,1.000000000000000000e+00
-2.163295486824201586e-01,3.282501104275654114e-01,1.000000000000000000e+00
9.820434407389325715e-01,3.132778581691980646e-01,1.000000000000000000e+00
1.988721893656046347e-01,-1.687660532580896433e+00,1.000000000000000000e+00
1.377446485352198824e+00,6.118573140847033409e-01,-1.000000000000000000e+00
-1.552370423924366083e+00,-6.715951583807491243e-01,-1.000000000000000000e+00
3.898664698866385336e-01,7.172350030576770674e-01,-1.000000000000000000e+00
2.289053355578645199e-01,-1.205953939382178541e+00,1.000000000000000000e+00
1.770331427286983894e+00,1.272149924694214174e-01,1.000000000000000000e+00
-8.348972232779600100e-01,2.148519295981776711e+00,-1.000000000000000000e+00
7.967329352343289761e-01,-5.094172790450504085e-01,1.000000000000000000e+00
7.052101152748880830e-01,-1.502013084091754047e+00,1.000000000000000000e+00
1.555390359158228097e+00,-1.297016668400077011e+00,1.000000000000000000e+00
7.442144953080016556e-01,-1.693643862338495953e+00,1.000000000000000000e+00
-5.619552313340966387e-01,3.400059108107318928e-01,1.000000000000000000e+00
7.253807625696204742e-01,-1.962201658376468538e+00,1.000000000000000000e+00
5.248916165963405378e-01,-4.423694873589887888e-01,-1.000000000000000000e+00
2.384936996203008419e-01,-2.132691771136633996e+00,1.000000000000000000e+00
-1.881224176043087226e+00,6.149986781306998607e-01,-1.000000000000000000e+00
-1.746699331063948479e+00,1.396482771672283296e-01,-1.000000000000000000e+00
1.648478275439718477e+00,3.084450178053383951e-01,1.000000000000000000e+00
9.821903104087597036e-01,7.365909005161438983e-02,1.000000000000000000e+00
-4.734390391412550136e-01,-1.136632754515760346e-01,1.000000000000000000e+00
-8.482066802721334453e-02,-8.785000020786201125e-01,1.000000000000000000e+00
6.331134485608018725e-01,-2.793822024076361155e-01,1.000000000000000000e+00
-7.966076332850796637e-01,1.711522446618723325e+00,-1.000000000000000000e+00
-1.419342003413841979e+00,7.587531071022404205e-01,-1.000000000000000000e+00
-2.156651332225332784e-01,-7.257208967604533711e-01,1.000000000000000000e+00
-4.415312571191389868e-01,8.193441462017369004e-01,-1.000000000000000000e+00
-1.051431518519353236e+00,-1.856980199486207572e-01,1.000000000000000000e+00
4.274931932517773980e-02,-2.027324519305559569e+00,1.000000000000000000e+00
1.876179321860758309e+00,3.151350182757191587e-01,1.000000000000000000e+00
8.801568012495430970e-01,-1.190010198673936648e+00,1.000000000000000000e+00
6.593454748787574982e-02,-5.391782205555084584e-01,1.000000000000000000e+00
3.234599469617976397e-01,-1.367686827356576096e+00,1.000000000000000000e+00
5.922313989999772321e-01,-7.211622015483654113e-01,1.000000000000000000e+00
-8.829935243286110014e-01,2.572987987340996097e-01,1.000000000000000000e+00
1.262412240504925176e+00,-2.340577685881179537e+00,1.000000000000000000e+00
-1.031023497740094053e+00,5.621339127970301774e-01,-1.000000000000000000e+00
-2.949185019769374749e-01,9.418260005546407188e-01,-1.000000000000000000e+00
7.524822322699131760e-01,-1.160009041857521961e+00,1.000000000000000000e+00
-3.044975803899472866e-01,1.462269347255432395e-01,1.000000000000000000e+00
4.762398890072748747e-01,-8.971437536938148272e-01,1.000000000000000000e+00
1.539106455601420231e+00,-8.098757426816144411e-01,1.000000000000000000e+00
-1.091177430565253292e+00,2.055232049231302316e+00,-1.000000000000000000e+00
-1.353578418263656102e+00,6.816218182533102521e-01,-1.000000000000000000e+00
-3.546977315846093215e-01,1.916480731386821290e+00,-1.000000000000000000e+00
8.815265211082280450e-01,-7.338453878874920955e-01,1.000000000000000000e+00
6.835704002461426287e-02,1.314864179405479394e+00,-1.000000000000000000e+00
-4.033973365422637708e-02,-4.916983142025874720e-01,1.000000000000000000e+00
-5.590143451226903953e-02,2.358369272154634336e-02,1.000000000000000000e+00
-1.678869949785529059e+00,-2.462014776205224409e-01,-1.000000000000000000e+00
-5.478724521663300706e-01,-9.541077845451030326e-01,1.000000000000000000e+00
1.025292109750006952e+00,-5.004918244407923211e-01,1.000000000000000000e+00
-4.375233145606319818e-01,1.948163823176715326e+00,-1.000000000000000000e+00
1.716462445692714223e+00,-1.249827189062898913e+00,1.000000000000000000e+00
-1.052943902027472234e+00,-1.679511719445178908e-01,-1.000000000000000000e+00
5.770914095319275017e-01,-1.809886753961368777e+00,1.000000000000000000e+00
1.584180015752490567e+00,-9.176615860090100441e-01,1.000000000000000000e+00
-5.074852002082736596e-02,1.541365180469122631e+00,-1.000000000000000000e+00
2.226900598052286850e-01,-1.176397605341130026e+00,1.000000000000000000e+00
-4.727566906645143119e-01,1.700515079993925704e+00,-1.000000000000000000e+00
5.164813211418726180e-01,6.994463974472571177e-01,-1.000000000000000000e+00
-5.365725031224746061e-02,1.706374625171306114e+00,-1.000000000000000000e+00
4.841701850058947043e-01,-1.297655215310849819e+00,1.000000000000000000e+00
1.307336132619144387e+00,-6.397999159041294348e-01,1.000000000000000000e+00
-2.228735549758374679e-01,1.329202473121551931e+00,-1.000000000000000000e+00
8.469620834034615742e-01,-1.073997754213879663e+00,1.000000000000000000e+00
3.890593567587196655e-01,8.288169977357296991e-01,-1.000000000000000000e+00
-1.906129339554569979e+00,2.365014861571016203e-01,-1.000000000000000000e+00
1.062312208815302084e+00,-2.871365284000129692e-01,1.000000000000000000e+00
1.417418995110401037e+00,-7.036330470230820477e-01,1.000000000000000000e+00
1.168857800196844376e+00,-3.315701723946666291e-01,1.000000000000000000e+00
-2.438991919671395225e-01,7.854190483754430741e-01,-1.000000000000000000e+00
1.970473711322063004e-01,-7.135782109767840886e-01,1.000000000000000000e+00
4.915091507094360851e-02,1.106368974463526111e+00,-1.000000000000000000e+00
-5.671947908881043166e-01,2.012530533799485433e+00,-1.000000000000000000e+00
-3.160661457699467936e-01,7.270506898177165889e-01,1.000000000000000000e+00
6.378680274036147013e-01,8.909765936011448950e-02,-1.000000000000000000e+00
3.356321027653111355e-01,7.924587174163642000e-01,-1.000000000000000000e+00
4.400618270770050300e-01,-1.478258515570180620e+00,1.000000000000000000e+00
2.082105618931030300e+00,-3.743784593554791984e-01,1.000000000000000000e+00
-1.350537518933032644e+00,1.356494329419199119e+00,-1.000000000000000000e+00
1.263425406212753677e-01,1.161091828584114083e+00,-1.000000000000000000e+00
6.257304488456002511e-01,-1.284598781367015885e+00,1.000000000000000000e+00
-8.122401219982851028e-01,6.341066982758094550e-01,1.000000000000000000e+00
5.426461736190258539e-02,1.108861859312895826e+00,-1.000000000000000000e+00
3.784065847165590246e-01,6.859906077056722173e-01,-1.000000000000000000e+00
1.430071163089176034e+00,2.764816419188020347e-01,1.000000000000000000e+00
-5.777204010774388276e-01,-2.017672181894782368e-01,1.000000000000000000e+00
1.434102811995192184e+00,-1.167031174642999991e+00,1.000000000000000000e+00
-1.450683222423124752e+00,1.946742009830173759e+00,-1.000000000000000000e+00
-1.101327872699987553e+00,-2.270313745920468085e-01,1.000000000000000000e+00
7.387167403117802511e-01,-9.058646709918720674e-01,1.000000000000000000e+00
-1.742219244682929047e-01,3.780268112264676961e-01,1.000000000000000000e+00
-6.480140732594525943e-01,2.140442368560635522e+00,-1.000000000000000000e+00
-1.292888824340823861e+00,8.321797269484041415e-01,-1.000000000000000000e+00
-1.822418982761395911e+00,-4.108184491409079819e-01,-1.000000000000000000e+00
9.431300326864205941e-02,-1.529354182081538616e+00,1.000000000000000000e+00
2.437854417844486921e-01,-9.426668623960627880e-01,1.000000000000000000e+00
-3.329635888619877915e-01,-9.268492231564853245e-01,1.000000000000000000e+00
-8.555987710663650603e-01,5.685154328168914306e-01,1.000000000000000000e+00
1.319716612882374296e+00,-3.405719662013635685e-02,1.000000000000000000e+00
-1.093334610521497385e+00,1.211397744981609570e+00,-1.000000000000000000e+00
7.413925579115066000e-01,-1.823061324611391365e-01,1.000000000000000000e+00
9.180769582887030600e-01,-7.768198015224923036e-01,1.000000000000000000e+00
-8.486976406788792060e-01,1.252579910317871414e-01,1.000000000000000000e+00
-1.125552363037120251e+00,1.281048347579220703e+00,-1.000000000000000000e+00
-2.660297044846717252e-01,-4.277342586189911700e-01,1.000000000000000000e+00
1.386283217368359022e+00,-1.201044011346178442e+00,1.000000000000000000e+00
1.796004030913697092e+00,-3.254341167272818414e-01,1.000000000000000000e+00
3.002393844587680216e-01,4.357320730824702504e-01,-1.000000000000000000e+00
-7.685185165110416383e-01,1.832346396703629310e+00,-1.000000000000000000e+00
-1.551493498432445994e+00,1.044765345150738156e+00,-1.000000000000000000e+00
4.299448244882658199e-01,-1.406294193643087054e+00,1.000000000000000000e+00
-8.532395754205173155e-01,1.094699531629391709e+00,-1.000000000000000000e+00
-2.025484835307988174e+00,3.373750142652516826e-01,-1.000000000000000000e+00
-1.518030247433645452e-01,-1.553740513865540018e+00,1.000000000000000000e+00
-8.794405841743442309e-01,1.852062927394379610e+00,-1.000000000000000000e+00
1.442110271472079486e+00,-1.479253335662939373e+00,1.000000000000000000e+00
1.592871596879639640e+00,-3.569161493857814782e-01,1.000000000000000000e+00
5.717047872113276696e-01,-6.452438232736416035e-01,-1.000000000000000000e+00
9.121075246873131537e-01,-5.593259919474582453e-01,1.000000000000000000e+00
-1.273887438350365997e+00,7.824165762509072142e-01,-1.000000000000000000e+00
1.538985426190648598e+00,-7.299991237576266556e-01,1.000000000000000000e+00
-5.180453898879620184e-02,-1.184737156832927685e+00,1.000000000000000000e+00
1.313894935878728187e+00,7.172923716232145752e-01,1.000000000000000000e+00
-1.636479895756391967e+00,8.288741802146325499e-01,-1.000000000000000000e+00
1.115465978107080813e+00,-7.657733416341159227e-01,1.000000000000000000e+00
-1.043901113562896388e+00,1.204368733209701503e+00,-1.000000000000000000e+00
-1.479769148963597125e+00,1.026231760804314774e+00,-1.000000000000000000e+00
8.353778397750621920e-01,-7.741455624437265648e-01,1.000000000000000000e+00
1.255358663050663903e+00,-1.482299326307984444e+00,1.000000000000000000e+00
-1.046721263535419499e+00,7.941620740887758156e-01,-1.000000000000000000e+00
2.083925008387517153e-01,-4.471513597607231216e-01,-1.000000000000000000e+00
-4.898828526745756945e-02,2.435523725131156336e+00,-1.000000000000000000e+00
-2.295573775556509488e-01,-3.161108777711670315e-01,1.000000000000000000e+00
-5.399788876305965379e-01,1.519678830381323786e+00,-1.000000000000000000e+00
4.511768052444034005e-01,-5.399805238172911137e-01,-1.000000000000000000e+00
-6.929523993157541417e-01,1.242744843621871764e+00,-1.000000000000000000e+00
9.701036307557864280e-02,1.200665959256034698e+00,-1.000000000000000000e+00
-1.275787244643505014e+00,1.592953585420085402e-02,-1.000000000000000000e+00
-8.091040697302336049e-02,-1.211307763099695789e+00,1.000000000000000000e+00
3.871775273220969815e-01,-1.042445476605186272e+00,1.000000000000000000e+00
-1.617583380723179642e+00,3.411195186889349334e-02,-1.000000000000000000e+00
-4.937849887595579523e-01,1.804469424123810173e+00,-1.000000000000000000e+00
-5.863025026476849089e-01,-6.568241131638601349e-01,1.000000000000000000e+00
